time_id,time,pontos_atuais,jogos_restantes,pontos_medios,pontos_p10,pontos_p50,pontos_p90,posicao_media,prob_titulo,prob_g6,prob_z4,simulacoes,atualizado_em
1783,Flamengo,60,10,79.5,74,80,85,1.2,0.7787,1.0,0.0,10000,2026-10-03
1769,Palmeiras,57,10,75.5,70,76,81,1.8,0.2193,1.0,0.0,10000,2026-10-03
1768,Paranaense,49,10,64.9,60,65,70,3.8,0.0016,0.9693,0.0,10000,2026-10-03
1765,Fluminense,48,10,63.2,58,63,68,4.5,0.0004,0.9083,0.0,10000,2026-10-03
1777,Bahia,46,10,60.5,55,60,66,5.6,0.0,0.7453,0.0,10000,2026-10-03
1771,Cruzeiro,45,10,59.1,54,59,64,5.9,0.0,0.6698,0.0,10000,2026-10-03
1766,Mineiro,40,11,55.4,50,55,61,7.7,0.0,0.3052,0.0001,10000,2026-10-03
6685,Santos,41,10,54.0,49,54,59,8.6,0.0,0.1818,0.0009,10000,2026-10-03
4286,Bragantino,36,11,52.0,46,52,57,9.5,0.0,0.1098,0.0069,10000,2026-10-03
1776,São Paulo,36,10,50.3,45,50,55,10.6,0.0,0.0412,0.01,10000,2026-10-03
4241,Coritiba,38,10,50.3,45,50,55,11.0,0.0,0.0347,0.0164,10000,2026-10-03
1770,Botafogo,35,10,49.5,44,49,55,11.3,0.0,0.0289,0.027,10000,2026-10-03
1779,Corinthians,32,10,45.7,41,46,51,13.7,0.0,0.0021,0.1563,10000,2026-10-03
1782,Vitória,33,10,44.9,40,45,50,14.2,0.0,0.0009,0.1846,10000,2026-10-03
1780,Vasco da Gama,31,11,44.5,39,44,50,14.4,0.0,0.0022,0.2261,10000,2026-10-03
4364,Mirassol,32,10,44.0,39,44,49,14.9,0.0,0.0004,0.283,10000,2026-10-03
1767,Grêmio,29,10,41.4,36,41,46,16.2,0.0,0.0,0.5213,10000,2026-10-03
6684,Internacional,28,10,41.0,36,41,46,16.5,0.0,0.0001,0.5983,10000,2026-10-03
4287,Clube do Remo,23,10,34.0,29,34,39,18.8,0.0,0.0,0.9699,10000,2026-10-03
1772,Chapecoense,18,11,28.1,23,28,33,19.8,0.0,0.0,0.9992,10000,2026-10-03
