posicao,time_id,time,escudo,jogos,pontos,vitorias,empates,derrotas,saldo_gols,gols_pro,gols_contra,forma,atualizado_em
1,1783,Flamengo,https://crests.football-data.org/1783.png,28,60,18,6,4,32,55,23,"W,W,W,W,W",2026-10-08
2,1769,Palmeiras,https://crests.football-data.org/1769.png,28,57,16,9,3,26,47,21,"D,W,D,D,W",2026-10-08
3,1768,Paranaense,https://crests.football-data.org/1768.png,28,49,14,7,7,11,43,32,"W,D,L,D,W",2026-10-08
4,1765,Fluminense,https://crests.football-data.org/1765.png,28,48,13,9,6,8,44,36,"W,L,W,D,W",2026-10-08
5,1771,Cruzeiro,https://crests.football-data.org/1771.png,29,48,14,6,9,4,44,40,"W,W,L,W,L",2026-10-08
6,1777,Bahia,https://crests.football-data.org/1777.png,28,46,12,10,6,8,43,35,"L,W,W,W,W",2026-10-08
7,1766,Mineiro,https://crests.football-data.org/1766.png,28,43,12,7,9,5,37,32,"W,D,W,L,W",2026-10-08
8,6685,Santos,https://crests.football-data.org/6685.png,28,41,11,8,9,2,43,41,"W,W,W,W,W",2026-10-08
9,4241,Coritiba,https://crests.football-data.org/4241.png,28,38,10,8,10,-6,37,43,"L,D,L,W,W",2026-10-08
10,4286,Bragantino,https://crests.football-data.org/4286.png,29,37,10,7,12,1,34,33,"D,L,L,D,L",2026-10-08
11,1776,São Paulo,https://crests.football-data.org/1776.png,29,36,10,6,13,-1,33,34,"L,L,W,L,W",2026-10-08
12,1782,Vitória,https://crests.football-data.org/1782.png,29,36,10,6,13,-10,32,42,"W,L,D,W,L",2026-10-08
13,1770,Botafogo,https://crests.football-data.org/1770.png,29,35,9,8,12,-5,42,47,"L,L,W,D,D",2026-10-08
14,1780,Vasco da Gama,https://crests.football-data.org/1780.png,28,34,9,7,12,-6,36,42,"W,W,W,L,W",2026-10-08
15,4364,Mirassol,https://crests.football-data.org/4364.png,29,33,8,9,12,-9,34,43,"D,W,D,W,L",2026-10-08
16,1779,Corinthians,https://crests.football-data.org/1779.png,29,32,8,8,13,-4,30,34,"L,L,L,L,L",2026-10-08
17,6684,Internacional,https://crests.football-data.org/6684.png,29,31,7,10,12,-5,32,37,"W,L,W,L,L",2026-10-08
18,1767,Grêmio,https://crests.football-data.org/1767.png,29,30,7,9,13,-8,31,39,"D,D,L,L,L",2026-10-08
19,4287,Clube do Remo,https://crests.football-data.org/4287.png,29,24,5,9,15,-15,33,48,"D,L,L,L,L",2026-10-08
20,1772,Chapecoense,https://crests.football-data.org/1772_large.png,28,18,3,9,16,-28,29,57,"L,D,L,W,L",2026-10-08
